Relay URL,Latitude,Longitude
relayone.geektank.ai,39.0997,-94.5786
relay.veganostr.com,60.1699,24.9384
nostr-rs-relay.dev.fedibtc.com:443,39.0438,-77.4874
relay.satsapp.me,50.4754,12.3683
relay.wavlake.com,41.2619,-95.8608
relay02.lnfi.network,35.6764,139.65
relay.lanavault.space,60.1699,24.9384
relay.aarpia.com,37.3986,-121.964
relay.qstr.app,50.1109,8.68213
denimroad.feeds.relay.tools,38.6327,-90.1961
x.kojira.io,43.6532,-79.3832
relay.nostr.com,50.1109,8.68213
ynostr.yael.at,60.1699,24.9384
articles.layer3.news,37.3387,-121.885
relay.wisp.talk:443,49.4543,11.0746
relay.nostr.dev.br,48.1046,11.6002
nostr.islandarea.net,35.4669,-97.6473
nostr.tabordalab.com,60.1699,24.9384
nostr.rtvslawenia.com,49.4543,11.0746
relay.cyberguy.fyi,52.6907,4.8181
relay.ltgnet.work:8443,51.0511,-114.075
relay.favillakey.io,-27.4705,153.026
relay.jmoose.rocks:443,32.8009,-96.8195
relay.degmods.com,50.4754,12.3683
relay.cloistr.xyz,42.337,-77.3178
relay.rebelbase.social,50.965,5.50082
relay.nostrmap.net,60.1699,24.9384
offchain.bostr.online,43.6532,-79.3832
nostr.chaima.info:443,51.5072,-0.127586
relay01.lnfi.network,35.6764,139.65
relay.pyramid.li,47.4093,8.46503
relay.gulugulu.moe:443,43.6532,-79.3832
relay-na1.metanomalist.com,43.6532,-79.3832
schnorr.me:443,43.6532,-79.3832
relay.dreamith.to,43.6532,-79.3832
relay.nostrfeed.com,60.1699,24.9384
relay.lanacoin-eternity.com,40.8302,-74.1299
bcast.seutoba.com.br,43.6532,-79.3832
nostr.21crypto.ch,47.5356,8.73209
relay.lacrypta.ar,43.6532,-79.3832
nostr2.girino.org:443,43.6532,-79.3832
strfry.bonsai.com:443,39.0438,-77.4874
relay.bullishbounty.com,43.6532,-79.3832
scores.brainstorm.world,39.0997,-94.5786
nostr.dzo-hadar.ts.net,35.6764,139.65
bridge.tagomago.me,42.3601,-71.0589
fanfares.nostr1.com,40.7057,-74.0136
relay.lightning.pub,39.0438,-77.4874
relay.tdw.lol,41.8781,-87.6298
relay-can.zombi.cloudrodion.com,43.6532,-79.3832
nostr.girino.org,43.6532,-79.3832
nostr.plantroon.com,50.1013,8.62643
relay.beginningend.com,35.2227,-97.4786
portal-relay.pareto.space,49.4521,11.0767
relay.yoinekodo.jp,43.6532,-79.3832
relay.tdw.gg,34.0549,-118.243
public.crostr.com:443,43.6532,-79.3832
relay.vrtmrz.net:443,43.6532,-79.3832
relay.vrtmrz.net,43.6532,-79.3832
maxq.descendant.io,43.6532,-79.3832
relay.pocketstr.com,40.8302,-74.1299
top.testrelay.top,43.6532,-79.3832
nostr.robosats.org,64.1476,-21.9392
articles.layer3.news:443,37.3387,-121.885
relay.ohstr.com:443,43.6532,-79.3832
nostr.jcera.eu,43.6532,-79.3832
nostr.na.social,43.6532,-79.3832
relay.nuts.cash,52.3676,4.90414
offchain.pub,39.1585,-94.5728
nostr.unkn0wn.world,46.8499,9.53287
relay-testnet.k8s.layer3.news,37.3387,-121.885
relay.wellorder.net,45.5201,-122.99
nostr.tbxnetworx.de,47.6625,9.93118
nostr.relay.hedwig.sh,60.1699,24.9384
relay.satmaxt.xyz,43.6532,-79.3832
relay.ezernode.net,52.6921,6.19372
cs-relay.nostrdev.com:443,50.4754,12.3683
strfry.ymir.cloud,43.6532,-79.3832
nostr-dev.wellorder.net,45.5201,-122.99
nostr-pub.wellorder.net,45.5201,-122.99
relay.earthly.city,34.1749,-118.54
relay2.orangesync.tech,40.7128,-74.006
budabit.nostr1.com,40.7057,-74.0136
relay.loveisbitcoin.com,43.6532,-79.3832
nostr.pbfs.io,50.4754,12.3683
relay-dev.gulugulu.moe:443,43.6532,-79.3832
nostr.bitcoiner.social,47.6743,-117.112
relay.nostx.io,43.6532,-79.3832
nostr.now,35.8099,140.12
nostr.ltd,19.076,72.8777
relay.openspecs.uid.ovh,50.9871,2.12554
nostr.spaceshell.xyz,43.6532,-79.3832
talon.quest,43.6532,-79.3832
relay.notoshi.win,14.0637,101.516
relay.snotr.nl:49999,51.9758,4.31389
relay.formstr.app,43.6532,-79.3832
borgar.lol,52.3676,4.90414
relay.layer.systems,49.0291,8.35695
relay.nostr.blockhenge.com,39.0438,-77.4874
nostr2.girino.org,43.6532,-79.3832
nostr.88mph.life,52.1941,-2.21905
relay.routstr.com,59.4016,17.9455
nostr-verified.wellorder.net,45.5201,-122.99
relay.mitchelltribe.com,39.0438,-77.4874
auth.nostr1.com,40.7057,-74.0136
relay.internationalright-wing.org,-22.4692,-48.9875
bruh.samt.st,43.6532,-79.3832
strfry.shock.network,39.0438,-77.4874
relay.pprgb.app,52.52,13.405
relay.underorion.se,50.1109,8.68213
nostr.oxtr.dev:443,50.4754,12.3683
bitcoiner.social,47.6743,-117.112
nostr-relay.corb.net,39.6478,-104.988
relayone.soundhsa.com,39.0997,-94.5786
relay.klabo.world,47.674,-122.122
nostr.emanuelemiani.it,45.778,8.79414
nostr.islandarea.net:443,35.4669,-97.6473
cyberspace.nostr1.com,40.7057,-74.0136
nostr.nodesmap.com,59.3327,18.0656
openrelay.ziomc.com,45.4642,9.18998
nostrue.com,40.8054,-74.0241
relay.bitmacro.cloud,43.6532,-79.3832
nostr.yutakobayashi.com,43.6532,-79.3832
dm-test-strfry-generic.samt.st,43.6532,-79.3832
relay.artio.inf.unibe.ch,46.9501,7.43678
nostr.snowbla.de:443,50.4754,12.3683
nostr-rs-relay-ishosta.phamthanh.me,43.6532,-79.3832
0x-nostr-relay.fly.dev,38.7946,-106.535
relay.staging.plebeian.market,51.5072,-0.127586
relay.valleirug.nl,52.0274,5.62427
nostr.azzamo.net:443,52.2633,21.0283
relay.bitos.space,43.6532,-79.3832
relay.btcforplebs.com,43.6532,-79.3832
aurum.saturnali.net,46.2044,6.14316
hasky.chat,40.7862,-74.0743
low-reader-merry-building.trycloudflare.com,43.6532,-79.3832
nexus.libernet.app,43.6532,-79.3832
vault.iris.to,43.6532,-79.3832
relay.illuminodes.com,43.6532,-79.3832
wait-hazardous-urge-linking.trycloudflare.com,43.6532,-79.3832
nostr.mom,50.4754,12.3683
cache.trustr.ing,43.6548,-79.3885
relay.flashapp.me,43.6548,-79.3885
relay.plebeian.market,50.1109,8.68213
basspistol.org,49.0291,8.35696
relay.decentralia.fr,48.122,11.589
nostr.2b9t.xyz:443,34.0549,-118.243
nostr.sathoarder.com:443,48.5734,7.75211
relay.zone667.com,60.1699,24.9384
relay.plebeian.market:443,50.1109,8.68213
relay-us.zombi.cloudrodion.com,40.7862,-74.0743
schnorr.me,43.6532,-79.3832
relay.primal.net,43.6532,-79.3832
nostr.purpura.cloud,43.6532,-79.3832
chat-relay.zap-work.com,43.6532,-79.3832
nostr-relay.cbrx.io,43.6532,-79.3832
strfry.bonsai.com,39.0438,-77.4874
nostr.easycryptosend.it,43.6532,-79.3832
relay.nostr.bond,40.1885,29.061
myvoiceourstory.org,37.3598,-121.981
relay.lanacoin-eternity.com:443,40.8302,-74.1299
relay.olas.app,60.1699,24.9384
relay.paulstephenborile.com:443,49.4543,11.0746
n.musicroadmap.com,35.694,139.754
relay2.veganostr.com,60.1699,24.9384
nostr-01.uid.ovh,50.9871,2.12554
relay.getsafebox.app:443,43.6532,-79.3832
nostr.linky.fit,50.1109,8.68213
relay.piazza.today,48.122,11.589
nostr.myshosholoza.co.za,52.3676,4.90414
relay.gulugulu.moe,43.6532,-79.3832
relay.tapestry.ninja,40.8054,-74.0241
relay.satsmarkt.club,52.6907,4.8181
strfry.shock.network:443,39.0438,-77.4874
social.amanah.eblessing.co,48.1046,11.6002
no.str.cr:443,8.96171,-83.5246
nostr-01.yakihonne.com:443,1.32123,103.695
relay.binaryrobot.com:443,43.6532,-79.3832
nostrride.io,37.3986,-121.964
public.crostr.com,43.6532,-79.3832
nostr-relay.corb.net:443,39.6478,-104.988
nostr.liberty.fans,36.8767,-89.5879
relay.froth.zone,60.1699,24.9384
relay.nostr.net,43.6532,-79.3832
relay.nostrmap.net:443,60.1699,24.9384
relay.ditto.pub,43.6532,-79.3832
relay.agora.social,50.7383,15.0648
relay.44billion.net,43.6532,-79.3832
bucket.coracle.social,37.7775,-122.397
freelay.sovbit.host,60.1699,24.9384
relay.duck1123.com,43.6532,-79.3832
relay.getsafebox.app,43.6532,-79.3832
relay.agentry.com,42.8864,-78.8784
relay.kilombino.com,43.6532,-79.3832
relayrs.notoshi.win:443,43.6532,-79.3832
groups.beginningend.com,35.2227,-97.4786
relay.edufeed.org,49.4521,11.0767
nostras.app,38.7946,-106.535
nostr-01.yakihonne.com,1.32123,103.695
relay.bnos.space,43.6532,-79.3832
relay.bowlafterbowl.com,32.9483,-96.7299
nostr.rtvslawenia.com:443,49.4543,11.0746
bcast.girino.org,43.6532,-79.3832
relay.dyne.org,49.0291,8.35705
nostrelay.circum.space,52.2245,8.826
nostr.thebiglake.org,32.71,-96.6745
dev.relay.stream,43.6532,-79.3832
soloco.nl,43.6532,-79.3832
buzz.cashu.space,50.1109,8.68213
reraw.pbla2fish.cc,43.6532,-79.3832
relay.sigit.io:443,50.4754,12.3683
nostr.wild-vibes.ts.net,48.8566,2.35222
cs-relay.nostrdev.com,50.4754,12.3683
nostr.mikoshi.de,52.52,13.405
relay.bornheimer.app,50.1109,8.68213
nostr-relay.zimage.com,34.282,-118.439
nostr.plantroon.com:443,50.1013,8.62643
relay.scuba323.com,40.8218,-74.45
dev-relay.nostreon.com,60.1699,24.9384
relay.bullishbounty.com:443,43.6532,-79.3832
nostr.wecsats.io,43.6532,-79.3832
relay.sincensura.org,43.6532,-79.3832
nostr.spicyz.io,43.6532,-79.3832
relay2.fiatdenier.com,50.1013,8.62643
offchain.pub:443,39.1585,-94.5728
syb.lol,34.0549,-118.243
nr.yay.so,46.2126,6.1154
relay.wasabiwallet.io,43.6532,-79.3832
relay.mitchelltribe.com:443,39.0438,-77.4874
relay.hivetalk.org,40.8302,-74.1299
relay.nostrfy.org,35.6916,139.768
relay.nostrian-conquest.com,41.223,-111.974
relay1.privkey.io,25.7617,-80.1918
relay.trotters.cc,43.6532,-79.3832
relay1.nostrchat.io,60.1699,24.9384
relay.nmail.li,50.9871,2.12554
relay.minibolt.info,43.6532,-79.3832
nostr.data.haus:443,50.4754,12.3683
support.flotilla.social,32.9483,-96.7299
relay5.bitransfer.org,43.6532,-79.3832
relay.binaryrobot.com,43.6532,-79.3832
relay.liberbitworld.org,43.6532,-79.3832
nostr.debate.report,50.1109,8.68213
nostr.middling.mydns.jp,35.8099,140.12
node.kommonzenze.de,49.4521,11.0767
relay-fra.zombi.cloudrodion.com,48.8566,2.35222
nostr.2b9t.xyz,34.0549,-118.243
relay.wisp.talk,49.4543,11.0746
relay.artiostr.ch,43.6532,-79.3832
nostr.janx.com,43.6532,-79.3832
fanfares.nostr1.com:443,40.7057,-74.0136
relay.mitosystem.net,-23.5558,-46.6396
relay.aidatanorge.no,43.6532,-79.3832
relay.samt.st,40.8302,-74.1299
relay.orly.dev,32.7767,-96.797
n.kojira.io,43.6532,-79.3832
relay.lightning.pub:443,39.0438,-77.4874
nostr.tac.lol,47.4748,-122.273
nostrcity-club.fly.dev:443,38.7946,-106.535
chorus.mikedilger.com:444,-36.8906,174.794
relayone.geektank.ai:443,39.0997,-94.5786
relay.shadowbip.com,54.352,18.6466
vault.iris.to:443,43.6532,-79.3832
relay.nostr.space,43.6532,-79.3832
relay.littlebitstudios.com,43.6532,-79.3832
nostr.wecsats.io:443,43.6532,-79.3832
nostr.planix.org,43.6532,-79.3832
relay.paulstephenborile.com,49.4543,11.0746
nostr.christiansass.de,49.7423,8.76687
relay.mypathtofire.de,42.8864,-78.8784
nostrcity-club.fly.dev,38.7946,-106.535
relay.kaleidoswap.com,50.8476,4.35717
relay.ditto.pub:443,43.6532,-79.3832
nostr-02.uid.ovh,50.9871,2.12554
relay.keykeeper.world,40.7824,-74.0711
relay.mwaters.net,50.9871,2.12554
nostrelay.circum.space:443,52.2245,8.826
nos.lol:443,50.4754,12.3683
vidar.nestoris.online,52.3676,4.90414
nostr.whitenode45.ddns.net,40.55,-74.4758
relay.fiatdenier.com,43.7787,-79.5393
relay.orangesync.tech,40.7128,-74.006
nostr.nestoris.online,55.568,37.5853
spamspamspamspam.rest,43.6532,-79.3832
dm-test-strfry-discovery.samt.st,43.6532,-79.3832
nostr.txlyre.website,60.1699,24.9384
relay.dwadziesciajeden.pl,52.2297,21.0122
nostr-relay.xbytez.io:443,50.6924,3.20113
pymd.kamp.site,38.9072,-77.0369
nostr.azzamo.net,52.2633,21.0283
nostr.mom:443,50.4754,12.3683
nostr.data.haus,50.4754,12.3683
yabu.me,35.6092,139.73
nostr.computingcache.com,45.5341,-122.956
nostr.sathoarder.com,48.5734,7.75211
nostr.4rs.nl,49.0291,8.35696
nostr.snowbla.de,50.4754,12.3683
staging.yabu.me,35.6092,139.73
nostrrelay.taylorperron.com,45.5029,-73.5723
inbox.scuba323.com,40.8218,-74.45
relayrs.notoshi.win,43.6532,-79.3832
relay.trotters.cc:443,43.6532,-79.3832
relay.jcera.eu,43.6532,-79.3832
21milionidinostr.duckdns.org,41.8945,12.6493
wisp.djorivaltech.com,43.6532,-79.3832
nostr.chaima.info,51.5072,-0.127586
wheat.oslim.dev,43.6532,-79.3832
nostr.stakey.net,52.3676,4.90414
relay.atsocy.com,43.6532,-79.3832
nostr.bitcoiner.social:443,47.6743,-117.112
nostr.pbfs.io:443,50.4754,12.3683
nostr.davenov.com,50.1109,8.68213
relay.staging.plebeian.market:443,51.5072,-0.127586
relay.manneken.brussels,49.4543,11.0746
rsvp.sdbitcoiners.com,37.3598,-121.981
relay.novospes.com,43.6532,-79.3832
relay.directsponsor.net,42.8864,-78.8784
nostr-kyomu-haskell.onrender.com,37.7775,-122.397
nostr.tagomago.me,42.3601,-71.0589
chat-relay.zap-work.com:443,43.6532,-79.3832
nostr.oxtr.dev,50.4754,12.3683
nostr.n7ekb.net,47.4941,-122.294
nostr.stakey.net:443,52.3676,4.90414
relay.mleku.dev,32.7767,-96.797
relay.getvia.xyz,60.1699,24.9384
relay.nostriot.com,41.5695,-83.9786
relay.jmoose.rocks,32.8009,-96.8195
relay.snort.social,53.3498,-6.26031
relay.fountain.fm:443,43.6532,-79.3832
temp.iris.to,43.6532,-79.3832
testr.nymble.world,40.8054,-74.0241
nostr.notribe.net,40.8302,-74.1299
prl.plus,54.9486,21.7283
dm-test-nostr-rs-42-disabled.samt.st,43.6532,-79.3832
nostr-rs-relay.dev.fedibtc.com,39.0438,-77.4874
bendernostur.duckdns.org:8443,50.1109,8.68213
treuzkas.branruz.com,48.8575,2.35138
bitchat.nostr1.com,40.7057,-74.0136
relay.noeudlibre.fr,50.6924,3.20113
relay.budabit.club,49.4543,11.0746
relay.wavlake.com:443,41.2619,-95.8608
adre.su,59.9311,30.3609
relay.monostr.com,50.1109,8.68213
relay.chatbett.de,40.7128,-74.006
relay.laantungir.net,-19.4692,-42.5315
relay.sigit.io,50.4754,12.3683
dev-relay.nostr.space,43.6532,-79.3832
relay.mappingbitcoin.com,43.6532,-79.3832
relay.ohstr.com,43.6532,-79.3832
pocketrelay.live,40.8302,-74.1299
relay.islandbitcoin.com,20.3898,78.0903
no.str.cr,8.96171,-83.5246
nos.lol,50.4754,12.3683
nip85.nosfabrica.com,39.0997,-94.5786
spurline.safebox.dev,43.6532,-79.3832
relayone.soundhsa.com:443,39.0997,-94.5786
relay.angor.io,48.1046,11.6002
nostr-02.yakihonne.com,1.32123,103.695
nosflare-leefcore.leefcore.workers.dev,43.6532,-79.3832
nostr.red5d.dev,43.6532,-79.3832
relay.nostrhub.fr,48.1045,11.6004
relay.edufeed.org:443,49.4521,11.0767
nostr-relay.xbytez.io,50.6924,3.20113
relay.guggero.org,46.5971,9.59652
zencrown.relay2aeon.quest,52.3061,4.6907
relay.s-w.art,43.6532,-79.3832
relay2.angor.io,48.1046,11.6002
relay.fountain.fm,43.6532,-79.3832
relay.satlantis.io,39.0438,-77.4874
infinity-signal-relay.digitalforlifeagency.workers.dev,43.6532,-79.3832
nostr.hifish.org,47.4009,8.57814
relay.kizuna-miki.com,35.694,139.754
nostr.fullstackcash.net,45.5201,-122.99
relay.veganostr.com:443,60.1699,24.9384
relay.nearhood.co.uk,51.5134,-0.0890675
relay.sharegap.net,43.6532,-79.3832
